"agents,0,boundary,mass","agents,0,boundary,volume","agents,0,boundary,width","agents,0,boundary,length","agents,0,boundary,surface_area","agents,0,internal,protein","agents,1,boundary,mass","agents,1,boundary,volume","agents,1,boundary,width","agents,1,boundary,length","agents,1,boundary,surface_area","agents,1,internal,protein","total_global,mass","total_global,volume",time
1338.9999999999998,1.2172727272727273,1.0,1.8832131064245905,5.130890296890058,38582041.18432058,1338.9999999999998,1.2172727272727273,1.0,1.8832131064245905,5.130890296890058,38582041.18432058,2677.9999999999995,2.4345454545454546,0.0
1340.33965797074,1.217272727272727,1.0,1.8832131064245903,5.130890296890058,38620642.18432058,1340.33965797074,1.217272727272727,1.0,1.8832131064245903,5.130890296890058,38620642.18432058,2680.67931594148,2.434545454545454,1.0
1341.6806347415861,1.2184905981552183,1.0,1.8847637477925598,5.135761780420023,38659281.18432058,1341.6806347415861,1.2184905981552183,1.0,1.8847637477925598,5.135761780420023,38659281.18432058,2683.3612694831722,2.4369811963104366,2.0
1343.02299972307,1.2197096679468964,1.0,1.8863159156591163,5.140638059586735,38697960.18432058,1343.02299972307,1.2197096679468964,1.0,1.8863159156591163,5.140638059586735,38697960.18432058,2686.04599944614,2.439419335893793,3.0
1344.3667182099257,1.2209299997482455,1.0,1.887869690366292,5.145519386792132,38736678.18432058,1344.3666835046597,1.2209299997482455,1.0,1.887869690366292,5.145519386792132,38736677.18432058,2688.7334017145854,2.441859999496491,4.0
1345.7117554968872,1.2221515620090233,1.0,1.88942503174307,5.150405635835242,38775434.18432058,1345.7117207916212,1.2221515304587816,1.0,1.8894249915720547,5.150405509634275,38775433.18432058,2691.4234762885085,2.4443030924678046,5.0
1347.058111583955,1.2233743231789884,1.0,1.8909818996184364,5.155296680515104,38814228.18432058,1347.058076878689,1.2233742916287467,1.0,1.890981859447421,5.155296554314136,38814227.18432058,2694.116188462644,2.446748614807735,6.0
1348.40585588166,1.2245982832581408,1.0,1.8925402939923903,5.160192520831712,38853062.18432058,1348.4057864711283,1.224598251707899,1.0,1.892540253821375,5.160192394630746,38853060.18432058,2696.811642352788,2.44919653496604,7.0
1349.7549536847373,1.2258235053469637,1.0,1.8941002952069628,5.165093409187005,38891935.18432058,1349.7548842742053,1.2258234422464802,1.0,1.894100214864932,5.165093156785071,38891933.18432058,2699.5098379589426,2.451646947593444,8.0
1351.1054049931863,1.2270499578952156,1.0,1.8956618630911384,5.169999219380012,38930847.18432058,1351.1053008773883,1.2270498947947321,1.0,1.8956617827491073,5.169998966978078,38930844.18432058,2702.2107058705747,2.454099852689948,9.0
1352.4571751017413,1.2282776409028966,1.0,1.8972249976449171,5.174909951410736,38969797.18432058,1352.4570709859433,1.2282775462521711,1.0,1.8972248771318705,5.1749095728078345,38969794.18432058,2704.9142460876847,2.4565551871550677,10.0
1353.8102987156678,1.2295065228197648,1.0,1.8987896586972837,5.179825479078209,39008786.18432058,1353.8101945998703,1.2295064281690393,1.0,1.898789538184237,5.179825100475307,39008783.18432058,2707.620493315538,2.459012950988804,11.0
1355.1648105402326,1.2307366351960616,1.0,1.900355886419253,5.184745928583396,39047815.18432058,1355.1646717191688,1.2307365405453368,1.0,1.9003557659062071,5.184745549980496,39047811.18432058,2710.3294822594016,2.461473175741398,12.0
1356.520675870169,1.2319680095820296,1.0,1.9019237209818414,5.189671426127267,39086883.18432058,1356.5205023438396,1.2319678833810626,1.0,1.9019235602977795,5.189670921323399,39086878.18432058,2713.0411782140086,2.463935892963092,13.0
1357.8778947054773,1.2332006144274263,1.0,1.9034931222140328,5.194601845508855,39125990.18432058,1357.8776864738818,1.2332004566762178,1.0,1.9034929213589558,5.19460121450402,39125984.18432058,2715.755581179359,2.466401071103644,14.0
1359.2364670461575,1.2344344497322521,1.0,1.9050640901158271,5.199537186728158,39165136.18432058,1359.2362588145618,1.2344342604308016,1.0,1.9050638490897347,5.1995364295223565,39165130.18432058,2718.472725860719,2.4688687101630538,15.0
1360.5963928922095,1.2356695154965067,1.0,1.9066366246872248,5.204477449785177,39204321.18432058,1360.596184660614,1.2356693261950562,1.0,1.906636383661132,5.204476692579375,39204315.18432058,2721.1925775528234,2.471338841691563,16.0
1361.9576375383674,1.2369058117201903,1.0,1.9082107259282255,5.209422634679911,39243544.18432058,1361.9574293067717,1.23690562241874,1.0,1.908210484902133,5.20942187747411,39243538.18432058,2723.9150668451393,2.4738114341389306,17.0
1363.320305100429,1.2381433068530612,1.0,1.909786353667814,5.214372615211394,39282808.18432058,1363.3200621635672,1.2381431175516107,1.0,1.9097861126417213,5.214371858005592,39282801.18432058,2726.6403672639963,2.476286424404672,18.0
1364.6843261678625,1.2393820955458446,1.0,1.9113636284190365,5.219327769982527,39322111.18432058,1364.684083231001,1.239381874694152,1.0,1.911363347221928,5.219326886575757,39322104.18432058,2729.3684093988636,2.4787639702399966,19.0
1366.0497007406677,1.240622114698057,1.0,1.9129424698398623,5.224287846591377,39361453.18432058,1366.0494578038063,1.2406218938463647,1.0,1.912942188642754,5.224286963184608,39361446.18432058,2732.099158544474,2.4812440085444214,20.0
1367.4164288188451,1.241863364309698,1.0,1.9145228779302905,5.229252845037941,39400834.18432058,1367.4161858819832,1.2418631434580056,1.0,1.9145225967331827,5.229251961631173,39400827.18432058,2734.8326147008283,2.4837265077677033,21.0
1368.78454510766,1.2431058443807683,1.0,1.916104852690323,5.234222765322223,39440255.18432058,1368.7843021707984,1.2431056235290756,1.0,1.9161045714932143,5.2342218819154525,39440248.18432058,2737.5688472784586,2.486211467909844,22.0
1370.153980196581,1.244349586461509,1.0,1.9176884342909732,5.239197733645186,39479714.18432058,1370.1537372597195,1.2443493656098168,1.0,1.9176881530938652,5.239196850238417,39479707.18432058,2740.3077174563005,2.488698952071326,23.0
1371.5248382014056,1.2455945274514373,1.0,1.9192735423902114,5.244177497604898,39519214.18432058,1371.5245952645441,1.245594306599745,1.0,1.9192732611931036,5.24417661419813,39519207.18432058,2743.0494334659497,2.491188834051182,24.0
1372.8970150063362,1.2468407620012778,1.0,1.9208602975010836,5.24916243580426,39558752.18432058,1372.8967720694745,1.2468405411495855,1.0,1.9208600163039757,5.249161552397492,39558745.18432058,2745.7937870758105,2.493681303150863,25.0
1374.2706147271706,1.2480881954603056,1.0,1.9224485791105437,5.254152169640372,39598331.18432058,1374.270371790309,1.2480879746086133,1.0,1.9224482979134354,5.254151286233602,39598324.18432058,2748.5409865174797,2.496176170068919,26.0
1375.6455679533765,1.249336922479246,1.0,1.924038507731638,5.259147077716134,39637949.18432058,1375.645359721781,1.2493367016275536,1.0,1.9240382265345297,5.2591461943093645,39637943.18432058,2751.2909276751575,2.4986736241067997,27.0
1377.0219093902206,1.250586879957615,1.0,1.9256300030223348,5.26414690762961,39677607.18432058,1377.0217011586249,1.2505866906561645,1.0,1.925629761996242,5.264146150423807,39677601.18432058,2754.043610548845,2.5011735706137794,28.0
1378.3996043324364,1.251838099445655,1.0,1.9272231051536506,5.269151785581769,39717304.18432058,1378.3994308061065,1.2518379101442043,1.0,1.9272228641275575,5.269151028375966,39717299.18432058,2756.799035138543,2.503676009589859,29.0
1379.77868748529,1.253090549393124,1.0,1.9288177739545693,5.274161585371645,39757041.18432058,1379.778548664226,1.253090391641915,1.0,1.9288175730994919,5.27416095436681,39757037.18432058,2759.557236149516,2.506180941035039,30.0
1381.1591241435156,1.2543442613502636,1.0,1.930414049596107,5.279176433200204,39796817.18432058,1381.1589853224516,1.2543441351492963,1.0,1.930413888912045,5.279175928396335,39796813.18432058,2762.318109465967,2.5086883964995597,31.0
1382.5409837176446,1.2555992037668324,1.0,1.932011891907248,5.284196202866479,39836634.18432058,1382.5408448965807,1.2555990775658652,1.0,1.9320117312231857,5.28419569806261,39836630.18432058,2765.0818286142253,2.511198281332698,32.0
1383.9242315024114,1.2568554397433134,1.0,1.9336113812300224,5.2892211467724035,39876491.18432058,1383.924092681348,1.2568553135423461,1.0,1.9336112205459604,5.289220641968534,39876487.18432058,2767.8483241837594,2.5137107532856593,33.0
1385.3088327925502,1.2581129377294649,1.0,1.9352124773934154,5.294251138717009,39916387.18432058,1385.3087286767525,1.258112811528498,1.0,1.9352123167093538,5.294250633913141,39916384.18432058,2770.617561469303,2.5162257492579627,34.0
1386.6948222933272,1.2593716661750456,1.0,1.9368151402264118,5.2992860524993315,39956323.18432058,1386.6947528827952,1.2593715715243203,1.0,1.9368150197133653,5.2992856738964305,39956321.18432058,2773.3895751761224,2.5187432376993657,35.0
1388.0822000047413,1.2606316566302975,1.0,1.9384194099000274,5.30432601432034,39996299.18432058,1388.0821652994755,1.2606315935298138,1.0,1.9384193295579961,5.304325761918404,39996298.18432058,2776.1643653042165,2.5212632501601115,36.0
1389.4709659267937,1.2618929090952193,1.0,1.9400252864142606,5.309371024180027,40036315.18432058,1389.4709312215277,1.2618928775449778,1.0,1.9400252462432452,5.30937089797906,40036314.18432058,2778.9418971483215,2.523785786640197,37.0
1390.8611200594837,1.2631554235698126,1.0,1.9416327697691131,5.3144210820784,40076371.18432058,1390.8611200594837,1.2631553920195706,1.0,1.9416327295980975,5.3144209558774325,40076371.18432058,2781.7222401189674,2.526310815589383,38.0
1392.2526971080777,1.2644192000540762,1.0,1.943241859964584,5.319476188015454,40116468.18432058,1392.2526971080777,1.2644192000540762,1.0,1.943241859964584,5.319476188015454,40116468.18432058,2784.5053942161553,2.5288384001081523,39.0
1393.6456623673091,1.2656842700982525,1.0,1.944852597171689,5.324536468192159,40156605.18432058,1393.6456623673091,1.2656842700982525,1.0,1.944852597171689,5.324536468192159,40156605.18432058,2787.2913247346182,2.531368540196505,40.0
1395.0400158371785,1.266950602152099,1.0,1.9464649412194124,5.329601796407546,40196782.18432058,1395.0400158371785,1.266950602152099,1.0,1.9464649412194124,5.329601796407546,40196782.18432058,2790.080031674357,2.533901204304198,41.0
1396.4357575176857,1.268218196215617,1.0,1.9480788921077548,5.334672172661618,40236999.18432058,1396.4357228124195,1.268218196215617,1.0,1.9480788921077548,5.334672172661618,40236998.18432058,2792.8714803301054,2.536436392431234,42.0
1397.8328874088306,1.269487052288805,1.0,1.9496944498367155,5.33974759695437,40277256.18432058,1397.8328874088306,1.2694870207385631,1.0,1.9496944096656996,5.339747470753402,40277256.18432058,2795.6657748176613,2.538974073027368,43.0
1399.2314402158793,1.2707571703716642,1.0,1.9513116144062947,5.344828069285807,40317554.18432058,1399.2314402158793,1.2707571703716642,1.0,1.9513116144062947,5.344828069285807,40317554.18432058,2798.4628804317585,2.5415143407433285,44.0
1400.6313812335657,1.2720285820144357,1.0,1.9529304259875082,5.349913715856893,40357892.18432058,1400.6313465283,1.2720285820144357,1.0,1.9529304259875082,5.349913715856893,40357891.18432058,2801.262727761866,2.5440571640288714,45.0
1402.03271046189,1.273301255666878,1.0,1.95455084440934,5.355004410466661,40398270.18432058,1402.0326757566243,1.2733012241166364,1.0,1.954550804238325,5.3550042842656955,40398269.18432058,2804.0653862185145,2.5466024797835143,46.0
1403.4354626061179,1.2745751913289909,1.0,1.9561728696717906,5.360100153115113,40438689.18432058,1403.4353931955861,1.2745751597787494,1.0,1.9561728295007756,5.360100026914147,40438687.18432058,2806.8708558017042,2.5491503511077402,47.0
1404.839568255718,1.2758504205510162,1.0,1.9577965419458752,5.365201070003215,40479147.18432058,1404.839498845186,1.2758503574505329,1.0,1.9577964616038446,5.365200817601281,40479145.18432058,2809.679067100904,2.551700778001549,48.0
1406.2450968212218,1.277126880232471,1.0,1.9594217808895633,5.370306908729033,40519646.18432058,1406.2450621159555,1.2771268171319872,1.0,1.9594217005475323,5.370306656327099,40519645.18432058,2812.4901589371775,2.554253697364458,49.0
1407.6520135973628,1.278404633473838,1.0,1.9610486668448854,5.375417921694501,40560185.18432058,1407.6520135973628,1.278404601923596,1.0,1.9610486266738696,5.375417795493533,40560185.18432058,2815.3040271947257,2.556809235397434,50.0
1409.060353289408,1.2796836487248753,1.0,1.9626771596408255,5.380533982698651,40600765.18432058,1409.0603879946739,1.2796836487248753,1.0,1.9626771596408255,5.380533982698651,40600766.18432058,2818.120741284082,2.5593672974497506,51.0
1410.4701158973573,1.2809639575358256,1.0,1.9643072994484003,5.3856552179424515,40641386.18432058,1410.470150602623,1.2809639890860671,1.0,1.9643073396194155,5.385655344143418,40641387.18432058,2820.9402664999807,2.5619279466218927,52.0
1411.8813014212099,1.2822455599066884,1.0,1.9659390862676092,5.390781627425904,40682048.18432058,1411.8813361264756,1.2822455914569302,1.0,1.9659391264386246,5.39078175362687,40682049.18432058,2823.7626375476857,2.564491151363619,53.0
1413.2938751557,1.2835284558374636,1.0,1.967572520098452,5.395913211149004,40722750.18432058,1413.293944566232,1.283528487387705,1.0,1.967572560269467,5.3959133373499695,40722752.18432058,2826.587819721932,2.5670569432251686,54.0
1414.7079065113603,1.2848126137779092,1.0,1.969207560769913,5.401049842910787,40763494.18432058,1414.7079412166263,1.2848126768783927,1.0,1.969207641111944,5.401050095312721,40763495.18432058,2829.4158477279866,2.569625290656302,55.0
1416.1232913723925,1.2860980968285094,1.0,1.9708442886240238,5.406191775113187,40804277.18432058,1416.1233260776582,1.2860981283787511,1.0,1.9708443287950392,5.406191901314154,40804278.18432058,2832.2466174500505,2.5721962252072608,56.0
1417.540133854594,1.2873848103385386,1.0,1.972482583147738,5.411338629153303,40845102.18432058,1417.54016855986,1.2873848418887803,1.0,1.9724826233187533,5.4113387553542704,40845103.18432058,2835.080302414454,2.574769652227319,57.0
1418.9583645474333,1.2886728489587218,1.0,1.9741225648541014,5.416490783634037,40885967.18432058,1418.9584339579653,1.2886728805089636,1.0,1.974122605025117,5.416490909835004,40885969.18432058,2837.9167985053987,2.5773457294676856,58.0
1420.3780181561765,1.2899621495885758,1.0,1.9757641534010837,5.421647986153453,40926873.18432058,1420.3781222719745,1.2899622126890593,1.0,1.9757642337431145,5.421648238555387,40926876.18432058,2840.756140428151,2.579924362277635,59.0
1421.7990946808236,1.2912527437783423,1.0,1.9774073889596997,5.426810362912519,40967820.18432058,1421.7991987966216,1.2912528384290678,1.0,1.9774075094727463,5.426810741515421,40967823.18432058,2843.598293477445,2.58250558220741,60.0
1423.2215941213742,1.2925446315280213,1.0,1.97905227152995,5.4319779139112345,41008808.18432058,1423.2216982371722,1.2925447261787468,1.0,1.9790523920429965,5.431978292514136,41008811.18432058,2846.4432923585464,2.585089357706768,61.0
1424.6455164778288,1.293837812837613,1.0,1.9806988011118343,5.437150639149602,41049837.18432058,1424.6456205936265,1.2938379074883384,1.0,1.980698921624881,5.4371510177525035,41049840.18432058,2849.2911370714555,2.5876757203259513,62.0
1426.070896455453,1.295132287707117,1.0,1.9823469777053528,5.442328538627617,41090908.18432058,1426.0709658659846,1.2951323823578422,1.0,1.982347098218399,5.442328917230518,41090910.18432058,2852.1418623214377,2.5902646700649594,63.0
1427.4976993489809,1.2964280876867755,1.0,1.9839968414815212,5.447511738546252,41132020.18432058,1427.4977687595126,1.2964281507872588,1.0,1.9839969218235516,5.447511990948184,41132022.18432058,2854.9954681084937,2.5928562384740346,64.0
1428.9259251584124,1.2977251812263462,1.0,1.985648352269323,5.452700112704534,41173173.18432058,1428.9259945689444,1.2977252443268297,1.0,1.9856484326113537,5.452700365106468,41173175.18432058,2857.8519197273567,2.595450425553176,65.0
1430.3555738837476,1.2990235683258295,1.0,1.9873015100687592,5.457893661102467,41214367.18432058,1430.3556432942796,1.299023631426313,1.0,1.98730159041079,5.457893913504401,41214369.18432058,2860.7112171780273,2.5980471997521426,66.0
1431.7866455249869,1.3003232489852252,1.0,1.9889563148798293,5.463092383740051,41255602.18432058,1431.7866802302528,1.3003233120857087,1.0,1.98895639522186,5.463092636141985,41255603.18432058,2863.5733257552397,2.600646561070934,67.0
1433.2191400821296,1.3016242232045334,1.0,1.9906127667025335,5.468296280617284,41296878.18432058,1433.2191747873956,1.3016242547547754,1.0,1.990612806873549,5.468296406818251,41296879.18432058,2866.438314869525,2.603248477959309,68.0
1434.6530922604422,1.3029264909837541,1.0,1.9922708655368715,5.473505351734166,41338196.18432058,1434.653126965708,1.3029265225339959,1.0,1.992270905707887,5.473505477935133,41338197.18432058,2869.3062192261505,2.6058530135177502,69.0
1436.0884326493926,1.3042300838731293,1.0,1.9939306515538597,5.4787197232916665,41379554.18432058,1436.0884673546586,1.3042301154233709,1.0,1.993930691724875,5.4787198494926335,41379555.18432058,2872.1769000040513,2.6084601992965,70.0
1437.5252306595125,1.305534938772175,1.0,1.995592044411466,5.48393914288785,41420954.18432058,1437.5253000700443,1.3055349703224168,1.0,1.9955920845824817,5.483939269088817,41420956.18432058,2875.050530729557,2.611069909094592,71.0
1438.9634862908022,1.306841118781375,1.0,1.9972551244517223,5.48916386292465,41462396.18432058,1438.9635209960682,1.3068411818818584,1.0,1.9972552047937526,5.489164115326583,41462397.18432058,2877.9270072868703,2.6136823006632337,72.0
1440.4031648379957,1.3081486239007292,1.0,1.9989198916746274,5.494393883402067,41503879.18432058,1440.4031995432617,1.3081486554509711,1.0,1.9989199318456432,5.494394009603035,41503880.18432058,2880.8063643812575,2.6162972793517003,73.0
1441.8443010063586,1.3094574225799962,1.0,2.0005863059091675,5.499629078119135,41545404.18432058,1441.8443010063586,1.309457454130238,1.0,2.0005863460801825,5.499629204320101,41545404.18432058,2883.688602012717,2.6189148767102344,74.0
1443.2868600906256,1.3107675463694168,1.0,2.002254407326356,5.504869573276817,41586970.18432058,1443.2868600906256,1.3107675463694168,1.0,2.002254407326356,5.504869573276817,41586970.18432058,2886.5737201812512,2.6215350927388337,75.0
1444.7308767960621,1.3120789637187507,1.0,2.00392415575518,5.5101152426741535,41628578.18432058,1444.7308767960621,1.3120789637187507,1.0,2.00392415575518,5.5101152426741535,41628578.18432058,2889.4617535921243,2.6241579274375013,76.0
1446.1763511226684,1.3133917061782383,1.0,2.005595591366652,5.515366212512102,41670228.18432058,1446.1763164174024,1.3133917061782383,1.0,2.005595591366652,5.515366212512102,41670227.18432058,2892.352667540071,2.6267834123564766,77.0
1447.6232830704444,1.3147057737478804,1.0,2.007268714160775,5.520622482790673,41711920.18432058,1447.6232136599126,1.3147057421976385,1.0,2.007268673989759,5.520622356589704,41711918.18432058,2895.2464967303567,2.629411515945519,78.0
1449.0716379341243,1.3160211664276766,1.0,2.008943524137546,5.525884053509856,41753653.18432058,1449.071568523592,1.3160211033271934,1.0,2.0089434437955154,5.525883801107922,41753651.18432058,2898.1432064577166,2.63204226975487,79.0
1450.5214504189732,1.3173378526673858,1.0,2.0106199811259526,5.531150798468693,41795428.18432058,1450.5213810084415,1.3173377895669018,1.0,2.0106199007839214,5.531150546066758,41795426.18432058,2901.042831427415,2.6346756422342876,80.0
1451.9726858197264,1.3186558640172483,1.0,2.0122981252970074,5.536422843868143,41837244.18432058,1451.9726511144604,1.318655800916765,1.0,2.012298044954977,5.536422591466211,41837243.18432058,2903.945336934187,2.637311664934013,81.0
1453.425378841649,1.319975168927024,1.0,2.013977916479697,5.541700063507246,41879102.18432058,1453.4253441363833,1.3199751373767823,1.0,2.0139778763086813,5.541699937306278,41879101.18432058,2906.8507229780325,2.639950306303806,82.0
1454.8795294847419,1.3212957989469536,1.0,2.0156593948450356,5.5469825835869635,41921002.18432058,1454.8794947794756,1.321295767396712,1.0,2.0156593546740202,5.546982457385997,41921001.18432058,2909.7590242642173,2.6425915663436657,83.0
1456.335137749004,1.322617754077038,1.0,2.0173425603930246,5.552270404107301,41962944.18432058,1456.335068338472,1.322617722526796,1.0,2.0173425202220088,5.552270277906333,41962942.18432058,2912.670206087476,2.645235476603834,84.0
1457.7921689291697,1.3239410343172764,1.0,2.0190274131236627,5.557563525068255,42004927.18432058,1457.7920995186378,1.3239409712167927,1.0,2.019027332781632,5.5575632726663216,42004925.18432058,2915.5842684478075,2.6478820055340693,85.0
1459.2506577305053,1.325265608117427,1.0,2.0207139128659346,5.562861820268857,42046952.18432058,1459.2506230252393,1.3252655450169435,1.0,2.020713832523904,5.562861567866923,42046951.18432058,2918.5012807557446,2.6505311531343705,86.0
1460.7106041530105,1.326591507027732,1.0,2.0224020997908565,5.568165415910078,42089019.18432058,1460.7106041530105,1.3265914754774903,1.0,2.022402059619841,5.568165289709111,42089019.18432058,2921.421208306021,2.653182982505222,87.0
1462.1720429019515,1.3279187310481915,1.0,2.024091973898428,5.573474311991916,42131129.18432058,1462.1720776072175,1.3279187310481915,1.0,2.024091973898428,5.573474311991916,42131130.18432058,2924.344120509169,2.655837462096383,88.0
1463.634973977328,1.3292473117290469,1.0,2.025783575359664,5.5787886347153375,42173282.18432058,1463.634973977328,1.3292473432792886,1.0,2.0257836155306794,5.578788760916304,42173282.18432058,2927.269947954656,2.6584946550083357,89.0
1465.0993279686083,1.330577249070298,1.0,2.0274769041745646,5.584108384080341,42215476.18432058,1465.0993626738746,1.330577249070298,1.0,2.0274769041745646,5.584108384080341,42215477.18432058,2930.1986906424827,2.661154498140596,90.0
1466.5651742863245,1.3319084799714622,1.0,2.0291718800011003,5.589433307684997,42257713.18432058,1466.5652089915902,1.3319085115217042,1.0,2.029171920172116,5.589433433885966,42257714.18432058,2933.130383277915,2.6638169914931664,91.0
1468.0324435199439,1.3332410675330222,1.0,2.030868583181301,5.594763657931239,42299991.18432058,1468.0324782252096,1.333241099083264,1.0,2.0308686233523163,5.594763784132205,42299992.18432058,2936.0649217451537,2.6664821666162863,92.0
1469.5012050799994,1.3345749486544944,1.0,2.0325669333731353,5.600099182417129,42342312.18432058,1469.5012397852652,1.334574980204736,1.0,2.0325669735441503,5.600099308618093,42342313.18432058,2939.002444865265,2.6691499288592304,93.0
1470.97145896649,1.3359101864363632,1.0,2.0342670109186347,5.605440133544602,42384676.18432058,1470.9714936717562,1.3359102179866047,1.0,2.0342670510896497,5.605440259745567,42384677.18432058,2941.9429526382464,2.671820404422968,94.0
1472.4431357688848,1.3372467808786273,1.0,2.0359688158177986,5.610786511313659,42427081.18432058,1472.4431704741507,1.3372468124288692,1.0,2.0359688559888145,5.610786637514627,42427082.18432058,2944.8863062430355,2.6744935933074965,95.0
1473.916339602981,1.3385846688808043,1.0,2.037672267728597,5.616138063322367,42469530.18432058,1473.916374308247,1.338584700431046,1.0,2.0376723078996126,5.616138189523333,42469531.18432058,2947.832713911228,2.6771693693118506,96.0
1475.391001058247,1.3399239450936191,1.0,2.039377487164076,5.621495168173626,42512021.18432058,1475.391035763513,1.3399239766438609,1.0,2.0393775273350916,5.6214952943745935,42512022.18432058,2950.78203682176,2.6798479217374798,97.0
1476.8671201346824,1.3412645464165882,1.0,2.0410843937822047,5.626857573465502,42554554.18432058,1476.8671548399484,1.34126457796683,1.0,2.04108443395322,5.62685769966647,42554555.18432058,2953.734274974631,2.682529124383418,98.0
1478.3446968322878,1.3426064728497114,1.0,2.0427929875829824,5.6322252791979945,42597129.18432058,1478.3447315375538,1.342606504399953,1.0,2.042793027753998,5.6322254053989615,42597130.18432058,2956.6894283698416,2.6852129772496642,99.0
1479.8238005615947,1.343949724392989,1.0,2.04450326856641,5.637598285371105,42639748.18432058,1479.8238352668607,1.3439497559432307,1.0,2.0445033087374256,5.637598411572073,42639749.18432058,2959.6476358284553,2.6878994803362195,100.0
1481.304361912071,1.3452943641469042,1.0,2.046215317074518,5.642976844386766,42682409.18432058,1481.3043966173373,1.3452943956971462,1.0,2.0462153572455337,5.642976970587735,42682410.18432058,2962.608758529408,2.6905887598440503,101.0
1482.7864155889833,1.3466403290109736,1.0,2.047929052765275,5.648360703843045,42725113.18432058,1482.7864502942493,1.3466403605612156,1.0,2.047929092936291,5.6483608300440125,42725114.18432058,2965.5728658832327,2.6932806895721892,102.0
1484.2699615923314,1.3479876505354393,1.0,2.049644515809698,5.653749989940907,42767860.18432058,1484.2699962975973,1.3479876820856813,1.0,2.0496445559807137,5.653750116141875,42767861.18432058,2968.5399578899287,2.6959753326211207,103.0
1485.7549652168489,1.3493363287203013,1.0,2.0513617062077856,5.659144702680354,42810649.18432058,1485.7549999221148,1.349336360270543,1.0,2.0513617463788014,5.659144828881322,42810650.18432058,2971.5099651389637,2.698672688990844,104.0
1487.241461167802,1.350686332015317,1.0,2.053080583788523,5.664544715860419,42853481.18432058,1487.241495873068,1.350686363565559,1.0,2.0530806239595383,5.664544842061385,42853482.18432058,2974.48295704087,2.701372695580876,105.0
1488.7294147399248,1.352037691970729,1.0,2.0548011887229247,5.669950155682066,42896355.18432058,1488.7294494451908,1.352037723520971,1.0,2.0548012288939406,5.669950281883034,42896356.18432058,2977.4588641851155,2.7040754154917,106.0
1490.2188953437494,1.3533903770362952,1.0,2.056523480839976,5.675360895944331,42939273.18432058,1490.2189300490152,1.3533904085865371,1.0,2.056523521010992,5.675361022145299,42939274.18432058,2980.4378253927644,2.7067807856228323,107.0
1491.7098682740093,1.3547444503124995,1.0,2.0582475404817084,5.680777189049147,42982234.18432058,1491.7099029792753,1.354744481862741,1.0,2.058247580652724,5.680777315250114,42982235.18432058,2983.4197712532846,2.7094889321752404,108.0
1493.202333530705,1.3560998802490993,1.0,2.0599733274771053,5.6861989087955465,43025238.18432058,1493.2023682359709,1.356099911799341,1.0,2.0599733676481207,5.6861990349965135,43025239.18432058,2986.4047017666758,2.71219979204844,109.0
1494.6962911138364,1.3574566668460954,1.0,2.0617008418261675,5.691626055183532,43068285.18432058,1494.6963258191022,1.3574566983963372,1.0,2.061700881997183,5.691626181384498,43068286.18432058,2989.392616932939,2.714913365242433,110.0
1496.191706318137,1.3588148101034876,1.0,2.0634300835288943,5.6970586282130995,43111374.18432058,1496.1917410234032,1.3588148416537293,1.0,2.06343012369991,5.697058754414067,43111375.18432058,2992.38344734154,2.7176296517572167,111.0
1497.6886138488737,1.3601742784710336,1.0,2.0651610124142703,5.702496501683283,43154506.18432058,1497.6886485541397,1.3601743100212758,1.0,2.0651610525852866,5.702496627884253,43154507.18432058,2995.3772624030134,2.7203485884923095,112.0
1499.187083116578,1.3615351034989762,1.0,2.0668936686533126,5.707939801795055,43197683.18432058,1499.187083116578,1.361535135049218,1.0,2.066893708824328,5.707939927996021,43197683.18432058,2998.374166233156,2.7230702385481944,113.0
1500.6870100054518,1.3628973482877982,1.0,2.0686281325880502,5.713388780950343,43240902.18432058,1500.6870447107178,1.3628973482877982,1.0,2.0686281325880502,5.713388780950343,43240903.18432058,3001.3740547161697,2.7257946965755964,114.0
1502.1884292207615,1.3642609181867744,1.0,2.0703642837054375,5.718843060546249,43284164.18432058,1502.1884639260272,1.3642609497370162,1.0,2.0703643238764524,5.718843186747214,43284165.18432058,3004.3768931467885,2.7285218679237904,115.0
1503.6913754677726,1.3656258447461467,1.0,2.0721021621764892,5.724302766783737,43327470.18432058,1503.6914101730383,1.3656258762963884,1.0,2.0721022023475046,5.724302892984703,43327471.18432058,3007.3827856408107,2.7312517210425353,116.0
1505.195814041219,1.366992159516157,1.0,2.0738418081722223,5.729768025863779,43370819.18432058,1505.195883451751,1.3669921910663985,1.0,2.0738418483432373,5.729768152064744,43370821.18432058,3010.39169749297,2.7339843505825554,117.0
1506.701779646367,1.3683598309465625,1.0,2.075583181521619,5.7352387115854,43414212.18432058,1506.7018490568992,1.3683598940470463,1.0,2.07558326186365,5.735238963987333,43414214.18432058,3013.403628703266,2.736719724993609,118.0
1508.209202872685,1.3697288905876064,1.0,2.077326322395697,5.740714950149576,43457647.18432058,1508.2092722832172,1.3697289536880901,1.0,2.077326402737728,5.74071520255151,43457649.18432058,3016.4184751559023,2.7394578442756963,119.0
1509.7181878359709,1.3710992753388045,1.0,2.0790711504524246,5.746196489154368,43501127.18432058,1509.7182225412366,1.3710993384392882,1.0,2.0790712307944554,5.746196741556302,43501128.18432058,3019.4364103772077,2.7421986137780925,120.0
1511.2286304204258,1.3724710798508826,1.0,2.0808177862048485,5.75168370720268,43544649.18432058,1511.2286651256916,1.372471111401124,1.0,2.0808178263758634,5.751683833403646,43544650.18432058,3022.457295546117,2.7449421912520067,121.0
1512.7406347418485,1.3738442094731145,1.0,2.082566109139921,5.757176225691607,43588216.18432058,1512.7406694471144,1.373844241023356,1.0,2.0825661493109364,5.757176351892573,43588217.18432058,3025.481304188963,2.7476884504964705,122.0
1514.2541313897066,1.375218758856226,1.0,2.08431623977069,5.762674423224053,43631826.18432058,1514.2541660949728,1.3752187904064677,1.0,2.0843162799417057,5.762674549425021,43631827.18432058,3028.508297484679,2.750437549262694,123.0
1515.7691550692666,1.3765946648997331,1.0,2.0860680977551236,5.768178047398083,43675480.18432058,1515.7691897745324,1.3765946964499753,1.0,2.0860681379261394,5.7681781735990505,43675481.18432058,3031.5383448437988,2.7531893613497083,124.0
1517.285705780528,1.3779719591538788,1.0,2.087821723264238,5.773687224414664,43719178.18432058,1517.2857404857941,1.3779719907041204,1.0,2.0878217634352536,5.773687350615631,43719179.18432058,3034.571446266322,2.755943949857999,125.0
1518.803748818225,1.3793506416186618,1.0,2.0895771162980328,5.7792019542737965,43762919.18432058,1518.8037835234911,1.3793506731689038,1.0,2.0895771564690486,5.779202080474764,43762920.18432058,3037.6075323417163,2.7587013147875656,126.0
1520.3233188876236,1.3807306807438409,1.0,2.0913342366854923,5.784722110774512,43806704.18432058,1520.3233535928898,1.3807307122940828,1.0,2.091334276856508,5.7847222369754805,43806705.18432058,3040.646672480513,2.7614613930379237,127.0
1521.844381283458,1.382112108079658,1.0,2.093093124597633,5.790247820117782,43850532.18432058,1521.84445069399,1.3821121396298999,1.0,2.093093164768649,5.79024794631875,43850534.18432058,3043.688831977448,2.7642242477095578,128.0
1523.3670054162599,1.383494892075871,1.0,2.0948537398634386,5.795778956102634,43894405.18432058,1523.3670748267916,1.3834949551763545,1.0,2.0948538202054694,5.795779208504568,43894407.18432058,3046.7340802430517,2.7669898472522254,129.0
1524.8911218754972,1.3848790958329635,1.0,2.09661616282494,5.801315771131004,43938321.18432058,1524.8912259912952,1.3848791589334468,1.0,2.09661624316697,5.801316023532936,43938324.18432058,3049.7823478667924,2.76975825476641,130.0
1526.4168000717023,1.386264656250452,1.0,2.0983803131401055,5.806858012800957,43982282.18432058,1526.4169041875002,1.3862647509011774,1.0,2.098380433653152,5.806858391403859,43982285.18432058,3052.8337042592025,2.7725294071516293,131.0
1527.9440052996088,1.3876516364288203,1.0,2.100146271150968,5.81240593351443,44026287.18432058,1527.9440747101407,1.3876517310795458,1.0,2.1001463916640146,5.812406312117332,44026289.18432058,3055.8880800097495,2.775303367508366,132.0
1529.4727028539512,1.3890400048178262,1.0,2.101913996686511,5.817959407070455,44070335.18432058,1529.472772264483,1.3890400679183097,1.0,2.1019140770285416,5.817959659472388,44070337.18432058,3058.945475118434,2.778080072736136,133.0
1531.0029621452607,1.3904297298672283,1.0,2.103683449575718,5.823518307268062,44114428.18432058,1531.0029968505266,1.3904297929677119,1.0,2.1036835299177494,5.823518559669997,44114429.18432058,3062.0059589957873,2.78085952283494,134.0
1532.534748468272,1.3918208746775096,1.0,2.105454710160622,5.829082886509188,44158565.18432058,1532.534783173538,1.3918209062277516,1.0,2.1054547503316376,5.829083012710157,44158566.18432058,3065.06953164181,2.783641780905261,135.0
1534.0680271177189,1.393213407698429,1.0,2.107227738270206,5.834653018592865,44202745.18432058,1534.0680618229849,1.393213439248671,1.0,2.1072277784412217,5.834653144793834,44202746.18432058,3068.1360889407038,2.7864268469471,136.0
1535.6028327988672,1.3946072973797445,1.0,2.1090024937334553,5.840228577318129,44246969.18432058,1535.6028675041332,1.3946073289299863,1.0,2.1090025339044702,5.840228703519093,44246970.18432058,3071.2057003030004,2.7892146263097306,137.0
1537.1392349222494,1.3960025752716974,1.0,2.1107790167213842,5.845809688885939,44291239.18432058,1537.1392349222494,1.3960026068219393,1.0,2.1107790568924,5.845809815086907,44291239.18432058,3074.278469844499,2.7920051820936367,138.0
1538.677129372067,1.3973993044747721,1.0,2.1125573875760253,5.851396605698238,44335552.18432058,1538.677129372067,1.3973993044747721,1.0,2.1125573875760253,5.851396605698238,44335552.18432058,3077.354258744134,2.7947986089495442,139.0
1540.216585558852,1.3987973903382427,1.0,2.114337485784331,5.85698894915212,44379910.18432058,1540.216585558852,1.3987973903382427,1.0,2.114337485784331,5.85698894915212,44379910.18432058,3080.433171117704,2.7975947806764854,140.0
1541.7575687773387,1.4001968959625928,1.0,2.1161193916883327,5.86258697164952,44424312.18432058,1541.7575687773387,1.4001968959625928,1.0,2.1161193916883327,5.86258697164952,44424312.18432058,3083.5151375546775,2.8003937919251856,141.0
1543.300113732793,1.4015977897975807,1.0,2.117903065117015,5.868190546989471,44468759.18432058,1543.300113732793,1.4015977897975807,1.0,2.117903065117015,5.868190546989471,44468759.18432058,3086.600227465586,2.8031955795951613,142.0
1544.8441857199487,1.4030001033934483,1.0,2.1196885462413935,5.873799801372941,44513250.18432058,1544.8442204252146,1.4030001033934483,1.0,2.1196885462413935,5.873799801372941,44513251.18432058,3089.6884061451633,2.8060002067868965,143.0
1546.3897847388062,1.4044038051999532,1.0,2.121475794890452,5.879414608598962,44557785.18432058,1546.3898541493381,1.4044038367501952,1.0,2.1214758350614678,5.87941473479993,44557787.18432058,3092.7796388881443,2.8088076419501484,144.0
1547.936945494631,1.4058088952170964,1.0,2.1232648110641916,5.8850349686675365,44602365.18432058,1547.937014905163,1.4058089583175801,1.0,2.1232648914062224,5.8850352210694705,44602367.18432058,3095.8739603997938,2.8116178535346767,145.0
1549.4856679874233,1.407215404995119,1.0,2.1250556349336263,5.8906610077796255,44646990.18432058,1549.485737397955,1.4072154680956028,1.0,2.125055715275658,5.890661260181561,44646992.18432058,3098.9714053853786,2.814430873090722,146.0
1551.0359175119172,1.408623334534021,1.0,2.126848266498757,5.896292725935234,44691659.18432058,1551.0360216277152,1.4086233976345046,1.0,2.126848346840788,5.896292978337168,44691662.18432058,3102.0719391396324,2.8172467321685257,147.0
1552.5877287733788,1.4100326522835611,1.0,2.128642665588569,5.9019299969333945,44736373.18432058,1552.5878328891768,1.4100327469342866,1.0,2.128642786101615,5.9019303755362955,44736376.18432058,3105.1755616625555,2.8200653992178477,148.0
1554.1411017718076,1.4114433897939807,1.0,2.130438872374076,5.907572946975071,44781132.18432058,1554.1412058876056,1.4114434844447061,1.0,2.1304389928871226,5.907573325577974,44781135.18432058,3108.282307659413,2.822886874238687,149.0
1555.6960018019383,1.4128555470652797,1.0,2.1322368868552797,5.91322157606027,44825935.18432058,1555.6961059177363,1.412855641716005,1.0,2.1322370073683254,5.913221954663168,44825938.18432058,3111.3921077196746,2.825711188781285,150.0
1557.2524635690368,1.4142690925472168,1.0,2.1340366688611634,5.918875757988017,44870783.18432058,1557.2525676848343,1.414269187197942,1.0,2.1340367893742096,5.918876136590917,44870786.18432058,3114.505031253871,2.8285382797451586,151.0
1558.810521778368,1.4156840577900334,1.0,2.1358382585627433,5.924535618959283,44915677.18432058,1558.810625894166,1.4156841524407584,1.0,2.135838379075789,5.924535997562183,44915680.18432058,3117.621147672534,2.8313682102307918,152.0
1560.3701070194013,1.4171004743439708,1.0,2.137641696131034,5.930201285175033,44960615.18432058,1560.3702458404653,1.4171005689946963,1.0,2.1376418166440807,5.930201663777935,44960619.18432058,3120.7403528598666,2.834201043338667,153.0
1561.931288702668,1.4185182791085467,1.0,2.139446901224006,5.935872504233337,45005599.18432058,1561.9314275237318,1.418518405309514,1.0,2.1394470619080677,5.935873009037204,45005603.18432058,3123.8627162264,2.8370366844180603,154.0
1563.493997417636,1.4199375351842438,1.0,2.1412539541836892,5.941549528536125,45050627.18432058,1563.4941709439659,1.4199376613852108,1.0,2.141254114867751,5.941550033339993,45050632.18432058,3126.9881683616018,2.8398751965694546,155.0
1565.058267869572,1.421358179470578,1.0,2.143062774668052,5.947232105681461,45095700.18432058,1565.0584761011676,1.421358337221787,1.0,2.1430629755231294,5.947232736686297,45095706.18432058,3130.1167439707397,2.842716516692365,156.0
1566.624134763741,1.4227802435177928,1.0,2.144873402848112,5.952920361870321,45140819.18432058,1566.6243429953367,1.4227804328192433,1.0,2.144873643874204,5.952921119076121,45140825.18432058,3133.248477759078,2.845560676337036,157.0
1568.1915286896117,1.4242037588761283,1.0,2.1466858788948824,5.958614423303663,45185982.18432058,1568.1917716264736,1.4242039481775788,1.0,2.1466861199209752,5.958615180509465,45185989.18432058,3136.3833003160853,2.848407707053707,158.0
1569.760519057716,1.4256286624451016,1.0,2.1485001224663334,5.964314037579555,45231191.18432058,1569.7607619945775,1.4256288832967943,1.0,2.148500403663442,5.964314920986326,45231198.18432058,3139.5212810522935,2.8512575457418956,159.0
1571.3310711627878,1.4270550173251964,1.0,2.150316213904496,5.9700194570999345,45276445.18432058,1571.3312793943835,1.4270552381768886,1.0,2.1503164951016043,5.970020340506704,45276451.18432058,3142.6623505571715,2.8541102555020847,160.0
1572.903219710093,1.4284827919661707,1.0,2.152134113038355,5.975730555663833,45321745.18432058,1572.9034279416885,1.4284829812676214,1.0,2.1521343540644478,5.975731312869636,45321751.18432058,3145.8066476517815,2.8569657732337923,161.0
1574.4769299943657,1.4299120179182665,1.0,2.153953860038925,5.981447459472216,45367090.18432058,1574.4771382259617,1.4299122072197168,1.0,2.1539541010650174,5.981448216678017,45367096.18432058,3148.9540682203274,2.8598242251379835,162.0
1576.052202015606,1.4313426636312416,1.0,2.1557754147351904,5.987170042324115,45412480.18432058,1576.0524102472016,1.4313428529326924,1.0,2.1557756557612837,5.9871707995299195,45412486.18432058,3152.1046122628077,2.8626855165639338,163.0
1577.629035773814,1.4327747291050965,1.0,2.1575987771271525,5.992898304219535,45457915.18432058,1577.6292440054096,1.4327749184065468,1.0,2.157599018153245,5.992899061425337,45457921.18432058,3155.258279779224,2.865549647511643,164.0
1579.2074659742552,1.434208214339831,1.0,2.1594239472148105,5.998632245158474,45503396.18432058,1579.2076742058507,1.4342084036412814,1.0,2.1594241882409033,5.998633002364276,45503402.18432058,3158.415140180106,2.8684166179811124,165.0
1580.7874926169297,1.4356431508856866,1.0,2.1612509651691796,6.0043719913418965,45548923.18432058,1580.7876661432597,1.435643340187137,1.0,2.161251206195272,6.004372748547697,45548928.18432058,3161.5751587601894,2.8712864910728237,166.0
1582.3690809965722,1.4370795387426634,1.0,2.1630798309902595,6.010117542769802,45594495.18432058,1582.3692545229019,1.4370796964938723,1.0,2.163080031845337,6.010118173774638,45594500.18432058,3164.7383355194743,2.8741592352365357,167.0
1583.9522311131818,1.43851734636052,1.0,2.1649105045070365,6.01586877324123,45640112.18432058,1583.9524046395115,1.438517504111729,1.0,2.164910705362114,6.015869404246066,45640117.18432058,3167.904635752693,2.877034850472249,168.0
1585.5369429667592,1.4399565737392561,1.0,2.166742985719509,6.021625682756175,45685774.18432058,1585.537116493089,1.439956731490465,1.0,2.1667431865745863,6.02162631376101,45685779.18432058,3171.0740594598483,2.879913305229721,169.0
1587.1232859678357,1.441397220878872,1.0,2.168577274627677,6.027388271314637,45731483.18432058,1587.1234594941657,1.4413973786300809,1.0,2.1685774754827545,6.027388902319473,45731488.18432058,3174.2467454620014,2.882794599508953,170.0
1588.711225411146,1.4428393508798507,1.0,2.1704134515735722,6.033156791318552,45777238.18432058,1588.711398937476,1.4428395086310597,1.0,2.1704136524286497,6.033157422323388,45777243.18432058,3177.422624348622,2.8856788595109104,171.0
1590.3007265914237,1.4442829321919508,1.0,2.1722514763861787,6.038931116566952,45823038.18432058,1590.3009348230194,1.44428308994316,1.0,2.1722516772412566,6.038931747571789,45823044.18432058,3180.601661414443,2.8885660221351106,172.0
1591.8917895086688,1.4457279332649307,1.0,2.1740913088944813,6.044711120858872,45868883.18432058,1591.8920324455305,1.4457281225663812,1.0,2.174091549920574,6.044711878064675,45868890.18432058,3183.783821954199,2.891456055831312,173.0
1593.4844488681476,1.4471743540987898,1.0,2.17593294909848,6.050496804194309,45914774.18432058,1593.4846918050093,1.4471745749504823,1.0,2.175933230295588,6.050497687601078,45914781.18432058,3186.969140673157,2.894348929049272,174.0
1595.0787393751255,1.4486222262437707,1.0,2.17777643716919,6.056288292774232,45960712.18432058,1595.0789476067214,1.448622447095463,1.0,2.1777767183662977,6.056289176181,45960718.18432058,3190.157686981847,2.897244673339234,175.0
1596.6746263243372,1.4500715812501141,1.0,2.179621813277626,6.062085712799606,46006696.18432058,1596.674834555933,1.4500717705515649,1.0,2.179622054303719,6.062086470005409,46006702.18432058,3193.3494608802703,2.9001433518016793,176.0
1598.272109715782,1.4515223875675793,1.0,2.1814690372527745,6.067888938069467,46052726.18432058,1598.272317947378,1.45152257686903,1.0,2.1814692782788674,6.0678896952752694,46052732.18432058,3196.54442766316,2.903044964436609,177.0
1599.8711895494607,1.4529746451961656,1.0,2.1833181090946336,6.0736979685838115,46098802.18432058,1599.8713977810564,1.4529748344976163,1.0,2.183318350120727,6.073698725789615,46098808.18432058,3199.7425873305174,2.905949479693782,178.0
1601.4718311201068,1.4544283541358733,1.0,2.185169028803205,6.079512804342643,46144923.18432058,1601.4720393517023,1.454428543437324,1.0,2.1851692698292977,6.0795135615484455,46144929.18432058,3202.943870471809,2.908856897573197,179.0
1603.0741038382523,1.4558834828364606,1.0,2.1870217562074714,6.085333319144992,46191091.18432058,1603.0743120698478,1.4558836721379111,1.0,2.1870219972335643,6.085334076350794,46191097.18432058,3206.1484159081,2.9117671549743718,180.0
1604.678007703897,1.4573400943984112,1.0,2.1888763716494655,6.091159765392794,46237306.18432058,1604.6781812302268,1.4573402836998617,1.0,2.188876612675558,6.091160522598596,46237311.18432058,3209.3561889341236,2.914680378098273,181.0
1606.2835080117752,1.4587981888217245,1.0,2.1907328751291857,6.096992143086047,46283567.18432058,1606.2836815381052,1.4587983465729335,1.0,2.190733075984263,6.096992774090882,46283572.18432058,3212.5671895498804,2.917596535394658,182.0
1607.890604761887,1.4602577345561594,1.0,2.192591226475618,6.1028303260237875,46329874.18432058,1607.8907782882168,1.4602578923073684,1.0,2.1925914273306955,6.102830957028623,46329879.18432058,3215.7813830501036,2.9205156268635277,183.0
1609.4992979542324,1.4617187316017155,1.0,2.194451425688761,6.108674314206011,46376227.18432058,1609.499471480562,1.4617188893529243,1.0,2.194451626543838,6.108674945210845,46376232.18432058,3218.9987694347947,2.9234376209546395,184.0
1611.109587588811,1.4631811799583931,1.0,2.196313472768616,6.114524107632723,46422626.18432058,1611.1097611151408,1.463181337709602,1.0,2.1963136736236932,6.114524738637557,46422631.18432058,3222.219348703952,2.926362517667995,185.0
1612.7214736656233,1.4646450796261918,1.0,2.198177367715182,6.120379706303917,46469071.18432058,1612.721647191953,1.4646452373774008,1.0,2.1981775685702596,6.120380337308752,46469076.18432058,3225.443120857576,2.9292903170035927,186.0
1614.3349908899347,1.466110430605112,1.0,2.2000431105284597,6.126241110219597,46515563.18432058,1614.3351644162644,1.466110588356321,1.0,2.200043311383537,6.126241741224433,46515568.18432058,3228.6701553061994,2.932221018961433,187.0
1615.9501045564798,1.4675772644453953,1.0,2.2019107413794643,6.132108445580732,46562101.18432058,1615.9502780828093,1.467577422196604,1.0,2.2019109422345413,6.132109076585566,46562106.18432058,3231.900382639289,2.935154686641999,188.0
1617.5668493705243,1.4690455495967998,1.0,2.2037802200971797,6.137981586186349,46608686.18432058,1617.567022896854,1.4690457073480085,1.0,2.203780420952257,6.137982217191185,46608691.18432058,3235.133872267378,2.9380912569448085,189.0
1619.1851906268023,1.4705153176095676,1.0,2.205651586852622,6.1438606582374184,46655317.18432058,1619.185398858398,1.4705154753607763,1.0,2.2056517877076995,6.143861289242254,46655323.18432058,3238.3705894852,2.941030792970344,190.0
1620.8051630305795,1.4719865369334566,1.0,2.2075248014747766,6.149745535532976,46701995.18432058,1620.8054059674414,1.4719867262349073,1.0,2.2075250425008694,6.149746292738779,46702002.18432058,3241.610568998021,2.943973263168364,191.0
1622.426766581856,1.4734592391187087,1.0,2.2093999041346573,6.155636344273985,46748720.18432058,1622.427009518718,1.4734594599704012,1.0,2.2094001853317655,6.155637227680754,46748727.18432058,3244.853776100574,2.94691869908911,192.0
1624.0500012806324,1.4749334241653238,1.0,2.211276894832265,6.161533084460444,46795492.18432058,1624.050244217494,1.4749336450170163,1.0,2.2112771760293732,6.161533967867214,46795499.18432058,3248.1002454981262,2.94986706918234,193.0
1625.674832421642,1.4764090920733022,1.0,2.2131557735675997,6.167435756092359,46842310.18432058,1625.6750753585036,1.4764093129249947,1.0,2.213156054764708,6.167436639499128,46842317.18432058,3251.3499077801453,2.952818404998297,194.0
1627.3013294154168,1.4778862112924018,1.0,2.2150365001696457,6.173344232968757,46889176.18432058,1627.3015723522788,1.477886432144094,1.0,2.215036781366754,6.173345116375527,46889183.18432058,3254.6029017676956,2.9557726434364957,195.0
1628.9294575566914,1.4793648449231063,1.0,2.2169191549804337,6.179258767491574,46936089.18432058,1628.9297004935531,1.4793650657747988,1.0,2.216919436177542,6.179259650898343,46936096.18432058,3257.8591580502443,2.958729910697905,196.0
1630.5592168454652,1.480844961415174,1.0,2.218803697828949,6.185179233459845,46983049.18432058,1630.559425077061,1.4808451822668665,1.0,2.2188039790260574,6.185180116866615,46983055.18432058,3261.118641922526,2.9616901436820404,197.0
1632.1906072817385,1.4823265607686047,1.0,2.2206901287151912,6.191105630873569,47030056.18432058,1632.1907808080682,1.4823267500700554,1.0,2.220690369741284,6.191106388079371,47030061.18432058,3264.381388089807,2.96465331083866,198.0
1633.8236288655112,1.4838096429833987,1.0,2.2225784476391603,6.197037959732745,47077110.18432058,1633.823802391841,1.4838098007346074,1.0,2.2225786484942374,6.197038590737579,47077115.18432058,3267.647431257352,2.9676194437180063,199.0
1635.458281596783,1.4852942080595557,1.0,2.224468654600856,6.202976220037372,47124211.18432058,1635.458455123113,1.4852943658107645,1.0,2.2244688554559335,6.202976851042208,47124216.18432058,3270.916736719896,2.9705885738703204,200.0
